{"Bleu_1": 0.5790125154723982, "Bleu_2": 0.44534905274468745, "Bleu_3": 0.3611020227361217, "Bleu_4": 0.30243834238747996, "METEOR": 0.2599672676106312, "ROUGE_L": 0.4812768381554992, "CIDEr": 1.6339773827923492, "SPICE": 0.3300829934536312, "USC_similarity": 0.5627908391748412}