{"Bleu_1": 0.5012843865302647, "Bleu_2": 0.34962991570970736, "Bleu_3": 0.2666046790160746, "Bleu_4": 0.2118066816115701, "METEOR": 0.20451020683030374, "ROUGE_L": 0.4002960814423426, "CIDEr": 0.9545247464487301, "SPICE": 0.24759978953611508, "USC_similarity": 0.46775372201521415}