{"Bleu_1": 0.5626021856982806, "Bleu_2": 0.42768700614510813, "Bleu_3": 0.3461242328879017, "Bleu_4": 0.28942438705547735, "METEOR": 0.25920963908793393, "ROUGE_L": 0.48053065045839694, "CIDEr": 1.571131620078376, "SPICE": 0.3253525570476496, "USC_similarity": 0.5515564972988818}