{"Bleu_1": 0.5584616746326536, "Bleu_2": 0.4274509657528314, "Bleu_3": 0.34787626386244686, "Bleu_4": 0.2924031906497581, "METEOR": 0.2560265140698135, "ROUGE_L": 0.478299260554551, "CIDEr": 1.5477763829252864, "SPICE": 0.3192914889812416, "USC_similarity": 0.544734313156976}