{"Bleu_1": 0.5481309051074651, "Bleu_2": 0.41369557086411624, "Bleu_3": 0.33075790838551716, "Bleu_4": 0.2732718332455837, "METEOR": 0.24187074108728926, "ROUGE_L": 0.45630207033922654, "CIDEr": 1.4538759331964384, "SPICE": 0.3061901436626677, "USC_similarity": 0.5400085671089819}