{"Bleu_1": 0.6110674494937538, "Bleu_2": 0.4820763176872656, "Bleu_3": 0.4002178569433616, "Bleu_4": 0.3416860596552806, "METEOR": 0.27864000555624535, "ROUGE_L": 0.5196592681562633, "CIDEr": 1.915158332324297, "SPICE": 0.3632608880843789, "USC_similarity": 0.5826881564125748}