{"Bleu_1": 0.6514375374959319, "Bleu_2": 0.5327212556030639, "Bleu_3": 0.4522169667119408, "Bleu_4": 0.39298119168184026, "METEOR": 0.30806333379122947, "ROUGE_L": 0.5605093685402358, "CIDEr": 2.2265122309401297, "SPICE": 0.4018469472301013, "USC_similarity": 0.6180319175281473}