{"Bleu_1": 0.5267342025166707, "Bleu_2": 0.40555793830196313, "Bleu_3": 0.3236729079123391, "Bleu_4": 0.2620857919471215, "METEOR": 0.23907125428517098, "ROUGE_L": 0.4768297893874629, "CIDEr": 1.469042073709627, "SPICE": 0.3185365742423971, "USC_similarity": 0.544558839235815}