{"Bleu_1": 0.6515363780703908, "Bleu_2": 0.531814614980734, "Bleu_3": 0.4517866697958965, "Bleu_4": 0.3932459999505319, "METEOR": 0.3056613548785274, "ROUGE_L": 0.5607769323594045, "CIDEr": 2.2640540275832297, "SPICE": 0.3972885998136522, "USC_similarity": 0.61559622898705}