{"Bleu_1": 0.6421319510724667, "Bleu_2": 0.5197076208714001, "Bleu_3": 0.4392521282598862, "Bleu_4": 0.3808276730825826, "METEOR": 0.29574599295053666, "ROUGE_L": 0.5483258458528538, "CIDEr": 2.1399941362874513, "SPICE": 0.39170825885983057, "USC_similarity": 0.6081803348516928}