{"Bleu_1": 0.5089997313512802, "Bleu_2": 0.3563862270632659, "Bleu_3": 0.27155127267188667, "Bleu_4": 0.21654668626293785, "METEOR": 0.2154745158129589, "ROUGE_L": 0.4106644223639376, "CIDEr": 1.0453420182623738, "SPICE": 0.25772535141545916, "USC_similarity": 0.47373487422168575}