{"Bleu_1": 0.5564686335264019, "Bleu_2": 0.4224012766937665, "Bleu_3": 0.3388480578617751, "Bleu_4": 0.28091904508435644, "METEOR": 0.2475447218049856, "ROUGE_L": 0.46691171524620456, "CIDEr": 1.4454315133238347, "SPICE": 0.3088806575837913, "USC_similarity": 0.5436436758953148}