{"Bleu_1": 0.5504536956818863, "Bleu_2": 0.4178075949610002, "Bleu_3": 0.3388213055937444, "Bleu_4": 0.28453234751292145, "METEOR": 0.2450587751383247, "ROUGE_L": 0.4639608978678289, "CIDEr": 1.5285952503587013, "SPICE": 0.3080555989746948, "USC_similarity": 0.5364298489373784}