{"Bleu_1": 0.6039175126974187, "Bleu_2": 0.46843792703103515, "Bleu_3": 0.3841668945872979, "Bleu_4": 0.32492910685639737, "METEOR": 0.2656626189555553, "ROUGE_L": 0.5054123357291409, "CIDEr": 1.69600845969867, "SPICE": 0.34722351703118487, "USC_similarity": 0.5673397579740719}