{"Bleu_1": 0.5639250047107328, "Bleu_2": 0.4294192407467273, "Bleu_3": 0.3476654956535079, "Bleu_4": 0.291287534509102, "METEOR": 0.24481036193705824, "ROUGE_L": 0.46319444104518936, "CIDEr": 1.5106966859759172, "SPICE": 0.3115669998718588, "USC_similarity": 0.5455511818758807}