{"Bleu_1": 0.5924192364170066, "Bleu_2": 0.45966355430116157, "Bleu_3": 0.3765385543778036, "Bleu_4": 0.31915089767529453, "METEOR": 0.265912062553786, "ROUGE_L": 0.4929614847602038, "CIDEr": 1.7043611097986473, "SPICE": 0.3428424906088978, "USC_similarity": 0.5667575803954931}