{"Bleu_1": 0.5410110327364559, "Bleu_2": 0.3963946310148906, "Bleu_3": 0.3078019495980057, "Bleu_4": 0.2447172968450899, "METEOR": 0.23517120341846723, "ROUGE_L": 0.459749935463923, "CIDEr": 1.2606296017581968, "SPICE": 0.3016186983388342, "USC_similarity": 0.5311615684133151}