{"Bleu_1": 0.2770583730116346, "Bleu_2": 0.12419013413466669, "Bleu_3": 0.06714947228593891, "Bleu_4": 0.0360458785455597, "METEOR": 0.07836826299603988, "ROUGE_L": 0.20185988816731987, "CIDEr": 0.14123120612172585, "SPICE": 0.04056467964028279, "USC_similarity": 0.27244112042624385}