{"Bleu_1": 0.6539715693983716, "Bleu_2": 0.5336198109200709, "Bleu_3": 0.45119788235191854, "Bleu_4": 0.3907914737626296, "METEOR": 0.3049164472291065, "ROUGE_L": 0.5574748827516288, "CIDEr": 2.1841109531895007, "SPICE": 0.4067003258916311, "USC_similarity": 0.6184287133848656}