{"Bleu_1": 0.6284612525552579, "Bleu_2": 0.5018337339939812, "Bleu_3": 0.42079461175367683, "Bleu_4": 0.3625435060751497, "METEOR": 0.28975868597774934, "ROUGE_L": 0.535356646079018, "CIDEr": 2.050210575685976, "SPICE": 0.37917554920476026, "USC_similarity": 0.5983279861550914}