{"Bleu_1": [0.5534123965092614, 0.5727106227105965, 0.568877901387146, 0.561765368160299, 0.5530517288568308], "Bleu_2": [0.4179403265571349, 0.4354408749041239, 0.43487625247907197, 0.42872225525349267, 0.419674710207904], "Bleu_3": [0.3352368897321505, 0.35167035554283893, 0.35246948390339866, 0.34845855173243523, 0.3380617028296787], "Bleu_4": [0.2783509536825586, 0.2944031251715931, 0.2954909729194779, 0.29255474607304743, 0.2810167137078612], "METEOR": [0.2455818221305221, 0.25136053607690845, 0.25135037117289494, 0.2513353697582052, 0.2414466573300259], "ROUGE_L": [0.45918757045295083, 0.4667369091779589, 0.4674069991967222, 0.47201045642924544, 0.4574034941925339], "CIDEr": [1.4322018320637138, 1.5261033554728407, 1.5233682488010207, 1.5258784502251954, 1.4262193915182797], "SPICE": [0.3068188612643051, 0.3236098983222966, 0.3182274068445491, 0.3148959241857352, 0.3022258218454784], "USC_similarity": [0.5323410785649751, 0.5529305374878447, 0.5458094136321768, 0.5413947349371308, 0.5345895438772044]}