{"Bleu_1": [0.5430511873831741, 0.5223053064684876, 0.5630024468217638, 0.5388989990900573], "Bleu_2": [0.4040510387044148, 0.39087007653399974, 0.4286591057147059, 0.4044291059247442], "Bleu_3": [0.3202125719013248, 0.3113853373714817, 0.34603280111232027, 0.3259029084781842], "Bleu_4": [0.26499074763786395, 0.2582108151703191, 0.28954717484367753, 0.2738528763642468], "METEOR": [0.23442467563859665, 0.22031991810802834, 0.24443921129255886, 0.23856259654355447], "ROUGE_L": [0.44063030412906334, 0.4218176742259456, 0.46283298458735955, 0.4506431454397961], "CIDEr": [1.284062242860915, 1.313764382035548, 1.5244663658940862, 1.4425988826222083], "SPICE": [0.2835413805275309, 0.28175420506525184, 0.3099243035870373, 0.2982330863775588], "USC_similarity": [0.520579584497483, 0.5201317327842832, 0.5423565199348738, 0.5311438714013227]}