{"Bleu_1": [0.563616964523848, 0.5785459859347621, 0.574418193080233, 0.569833634879283, 0.5691472799252449], "Bleu_2": [0.4294634886655052, 0.4448593124302879, 0.4421688182439931, 0.43622849826275784, 0.4307540418705746], "Bleu_3": [0.3459804433826117, 0.36235505770352855, 0.35924982053440085, 0.3534908746607434, 0.34516250875639776], "Bleu_4": [0.2886627182799963, 0.3058452890340524, 0.3017466121523458, 0.296716296814266, 0.2866749467156631], "METEOR": [0.25157413391451316, 0.2560589259488988, 0.2624485798782999, 0.26063582167232985, 0.2550328192561611], "ROUGE_L": [0.46926991145831937, 0.4823575766155836, 0.48238566719182535, 0.4822058687055563, 0.47416165913321595], "CIDEr": [1.4617400972966967, 1.6056737477331315, 1.6307152663418596, 1.5984258627891395, 1.5328609906231703], "SPICE": [0.3152712089117034, 0.3298222080502241, 0.332317953874064, 0.33053591535303134, 0.3200072907793861], "USC_similarity": [0.5413237524817693, 0.5566665730939439, 0.5571499854480948, 0.5547139884228449, 0.5509068637888698]}