{"Bleu_1": [0.5636411749139736, 0.5619034694892766, 0.5703853046594727, 0.558752364612179, 0.5577149587750042], "Bleu_2": [0.4289017507235894, 0.4273455743118685, 0.4375965298378617, 0.4273882495608079, 0.42324342672264254], "Bleu_3": [0.34622082479232946, 0.34568028068686524, 0.3551839275213377, 0.3464934746358031, 0.34251405439806676], "Bleu_4": [0.2899296757283083, 0.2897783365239755, 0.29884445857883435, 0.290893255209788, 0.2862181422837304], "METEOR": [0.2539452072748442, 0.24975352608753387, 0.2600124270983407, 0.258355399398307, 0.2462238047452443], "ROUGE_L": [0.4779333316068181, 0.4656078656435284, 0.4841837633138598, 0.4800528014335929, 0.4649459342312564], "CIDEr": [1.5019565209259307, 1.518974647973671, 1.664026925119711, 1.5766341092350828, 1.5219199940227421], "SPICE": [0.3205979405421817, 0.31914643475096466, 0.3330616530723322, 0.3275709420543527, 0.3115496001173147], "USC_similarity": [0.5450922469689821, 0.5525516242692019, 0.561963636121045, 0.553531852808785, 0.5410385687746541]}