{"Bleu_1": [0.6433619393516047, 0.6436207135915293, 0.6312827815171983, 0.6301631546644149, 0.6035051833945143], "Bleu_2": [0.5124391566040026, 0.5200530604186809, 0.5041238851974881, 0.5004495400753254, 0.4749573110110273], "Bleu_3": [0.425767703524256, 0.4380441113568216, 0.42174541870958443, 0.41538561758785875, 0.3941459799954521], "Bleu_4": [0.36393501416121626, 0.37843428605241924, 0.3625381292115647, 0.3536924159464762, 0.3362415713922167], "METEOR": [0.29322260324713706, 0.29974856806056854, 0.2893236559943383, 0.2882922885119187, 0.27340836080120834], "ROUGE_L": [0.5408537882511261, 0.5465454126950626, 0.5348855814133673, 0.5350697599834644, 0.5112500175434576], "CIDEr": [2.033263457119308, 2.0607765548283257, 2.0233001038244374, 2.053736396326587, 1.9049426172351707], "SPICE": [0.38380602790134394, 0.3854655930294456, 0.38643453507233366, 0.38647351623042264, 0.3601463937667336], "USC_similarity": [0.6090219055836923, 0.6039577824696254, 0.6018355501415963, 0.6040975116287187, 0.5774092229335572]}