{"Bleu_1": [0.44370052024426854, 0.585825922931798, 0.5512507902103968, 0.5796030116358394, 0.5698063698877773], "Bleu_2": [0.27169985240406924, 0.4526184568433141, 0.4113024085775112, 0.44605851412593095, 0.4364792688567016], "Bleu_3": [0.18494146269162032, 0.3700476747313412, 0.3269619479028768, 0.3637675366511005, 0.35501624589403963], "Bleu_4": [0.13498287773923187, 0.31303120977143245, 0.268903885803986, 0.3063890291961494, 0.2977226778566265], "METEOR": [0.167418534027843, 0.2658044587147694, 0.24111665356645956, 0.26040915987569246, 0.2560261543785319], "ROUGE_L": [0.3427375729530091, 0.49357493700548283, 0.45651094923800817, 0.485221125401786, 0.4800315771359558], "CIDEr": [0.5061170014989845, 1.622259648009643, 1.3523910336536624, 1.639486639660922, 1.6053627244544755], "SPICE": [0.1683808590775102, 0.33325997980186284, 0.3009601259339427, 0.33785721270330155, 0.3238653743761547], "USC_similarity": [0.40798978003174524, 0.5608009282757085, 0.5323188310313346, 0.5646504696606124, 0.553482708636809]}