{"Bleu_1": [0.5420602587634623, 0.5375623017670803, 0.5400832668969554, 0.5385183575928508, 0.5391378843899116], "Bleu_2": [0.3944384687544192, 0.3963209404044298, 0.40191724141601487, 0.401664355839296, 0.40305377539010917], "Bleu_3": [0.3076348082784494, 0.3137641581215164, 0.318971744032124, 0.31965552329358043, 0.3223556718709861], "Bleu_4": [0.2505738856582193, 0.25951132713831176, 0.26263663111889174, 0.2636170076299316, 0.2683234256507227], "METEOR": [0.2305141226280994, 0.23242995331745267, 0.24196269742096266, 0.24291759910549474, 0.23510841121944365], "ROUGE_L": [0.44552871905314234, 0.4448378267442185, 0.4570226739274497, 0.453435001145289, 0.44604607276402924], "CIDEr": [1.2912744435619947, 1.3824513308578386, 1.4295462283110911, 1.3581838537245277, 1.3759996137393877], "SPICE": [0.29100613954932025, 0.2936052517116219, 0.3058347075034665, 0.3019722670054876, 0.2893594562940821], "USC_similarity": [0.516662359149365, 0.5183357046342103, 0.5318594089282236, 0.5283644756782876, 0.5212505211899853]}