{"Bleu_1": [0.6057266732905516, 0.5858028945554521, 0.5854734230715952, 0.5876205063518971, 0.5518339162406711], "Bleu_2": [0.47195977965507746, 0.45248459452676837, 0.4572394421707651, 0.45766534771248313, 0.4196023186597518], "Bleu_3": [0.3864751508901778, 0.37005745553483543, 0.3775559892032205, 0.37637573464992274, 0.33874750629249994], "Bleu_4": [0.3266986863206117, 0.3134290887472038, 0.32208131711482635, 0.31924063130965513, 0.2834808867567647], "METEOR": [0.27835407428470443, 0.264380832306559, 0.2658116557131826, 0.27339544200377514, 0.24771855422437908], "ROUGE_L": [0.5136516817675681, 0.49162618939536, 0.49503577487950834, 0.4988139120291324, 0.46235474520421005], "CIDEr": [1.7589434443397518, 1.6261822918239672, 1.7618325602697977, 1.6966393538343623, 1.5322677768915776], "SPICE": [0.36106246320174085, 0.3393889607956865, 0.34379926977510017, 0.34348189816932995, 0.30832705122819426], "USC_similarity": [0.5855836546655401, 0.5671558655841357, 0.572967501116565, 0.574212785236237, 0.5502760397826522]}