{"Bleu_1": [0.544703279616429, 0.5497447219538867, 0.5700041165439066, 0.5403621443225163, 0.5608120606733], "Bleu_2": [0.4134876658158496, 0.4210379521981906, 0.4369369710710409, 0.4060537687226018, 0.42800387628455505], "Bleu_3": [0.32693856576369873, 0.33840349424084093, 0.3533912607678642, 0.3252016955962572, 0.3419038275680396], "Bleu_4": [0.2657789178164309, 0.2798526176173945, 0.29594824649102636, 0.27036573542650877, 0.28095786848263316], "METEOR": [0.2273272223806558, 0.24107196500751146, 0.2555919304348583, 0.2434218549564466, 0.2447877714265427], "ROUGE_L": [0.4559596838533356, 0.46510956222385835, 0.4801735354230924, 0.45846613436735706, 0.46303065203538796], "CIDEr": [1.3522398368352868, 1.501778968876335, 1.6275426688343462, 1.4245641106535625, 1.4683687771537384], "SPICE": [0.28368736929451943, 0.3124203594280626, 0.32982691926523755, 0.2994223468752407, 0.3105531153128059], "USC_similarity": [0.5264723999027141, 0.5471561965057327, 0.5577943182805668, 0.5270081463157665, 0.5450782572881883]}