{"Bleu_1": [0.6571629575623202, 0.6352914180816597, 0.6566475401825943, 0.6382132200017796, 0.647497239602473], "Bleu_2": [0.5362381576774322, 0.5113443206509108, 0.5375875865786676, 0.5153082287312921, 0.5274467806388617], "Bleu_3": [0.45560464775875736, 0.4287394882419803, 0.45615388839730103, 0.43369952262237005, 0.44626571637087664], "Bleu_4": [0.3964644970967075, 0.36894999565248604, 0.3955415587750201, 0.3739999240790734, 0.3860139510836923], "METEOR": [0.3079667441267819, 0.2968264250708283, 0.3077360764321484, 0.3023109077695267, 0.30408768113263684], "ROUGE_L": [0.56041962993465, 0.5391833235204637, 0.5643944449873991, 0.5484960378579745, 0.5520025665847783], "CIDEr": [2.1887565073910538, 2.0850938434843065, 2.2777023214350534, 2.0821031037948603, 2.144824139337835], "SPICE": [0.4062008205782018, 0.39573879922216904, 0.40944634268215796, 0.39612244416504777, 0.39725981423602585], "USC_similarity": [0.6191158124401221, 0.6125458522518695, 0.6232238787242027, 0.6113672645024837, 0.6132966706494385]}