{"test": {"Bleu_1": 0.5633802816901208, "Bleu_2": 0.42655249158857184, "Bleu_3": 0.3430333768521412, "Bleu_4": 0.2854196534289725, "METEOR": 0.2530893011939004, "ROUGE_L": 0.47250583425664955, "CIDEr": 1.535924565712427, "SPICE": 0.3227006742807178, "USC_similarity": 0.5505769861993629}, "sydney": {"Bleu_1": 0.46074024784319506, "Bleu_2": 0.22172207849952233, "Bleu_3": 0.10957039407994847, "Bleu_4": 0.061574361915755785, "METEOR": 0.14499973408776778, "ROUGE_L": 0.28947687214519097, "CIDEr": 0.17672366934401207, "SPICE": 0.11497132218836306, "USC_similarity": 0.46408629758590386}}