{"test": {"Bleu_1": 0.5286206154508095, "Bleu_2": 0.3746023899745233, "Bleu_3": 0.2831309774483003, "Bleu_4": 0.22410221253151227, "METEOR": 0.22449641123698588, "ROUGE_L": 0.42427343375054505, "CIDEr": 1.1704713884693188, "SPICE": 0.27884996560174313, "USC_similarity": 0.5067064215004758}, "sydney": {"Bleu_1": 0.46058033411178473, "Bleu_2": 0.1962578633456779, "Bleu_3": 0.07664490773651027, "Bleu_4": 0.03736351756209183, "METEOR": 0.1464670060589976, "ROUGE_L": 0.29138819788051956, "CIDEr": 0.1544900840273987, "SPICE": 0.12323495205435987, "USC_similarity": 0.459884476570525}}