{"test": {"Bleu_1": 0.6136827724272327, "Bleu_2": 0.4855041477977092, "Bleu_3": 0.402549797666307, "Bleu_4": 0.34299301131647947, "METEOR": 0.2782934215070498, "ROUGE_L": 0.5195925891444665, "CIDEr": 1.8834414468462415, "SPICE": 0.36436093016411836, "USC_similarity": 0.5813592605732538}, "sydney": {"Bleu_1": 0.4714297101589688, "Bleu_2": 0.23656988360614592, "Bleu_3": 0.12426535818465753, "Bleu_4": 0.0744954207775621, "METEOR": 0.15287495794291223, "ROUGE_L": 0.30265197078482137, "CIDEr": 0.20496019594778098, "SPICE": 0.12656755505525322, "USC_similarity": 0.47996828951439896}}