{"test": {"Bleu_1": 0.5932901919670079, "Bleu_2": 0.46283906691725474, "Bleu_3": 0.3795418326422883, "Bleu_4": 0.32080793836372323, "METEOR": 0.27065616812810306, "ROUGE_L": 0.49837256362795823, "CIDEr": 1.7377198972161971, "SPICE": 0.34523069948635354, "USC_similarity": 0.5828412407215492}, "sydney": {"Bleu_1": 0.43140181747564654, "Bleu_2": 0.1936039821648645, "Bleu_3": 0.0777465078192701, "Bleu_4": 0.03427238812484803, "METEOR": 0.1333878406266677, "ROUGE_L": 0.27022448881039296, "CIDEr": 0.14381927406731185, "SPICE": 0.09650010688451294, "USC_similarity": 0.4498668032262298}}