{"test": {"Bleu_1": 0.5467581500036104, "Bleu_2": 0.4087663844689084, "Bleu_3": 0.32512121739139066, "Bleu_4": 0.26886051357006757, "METEOR": 0.23903028481314356, "ROUGE_L": 0.4564729589373808, "CIDEr": 1.3849905737930095, "SPICE": 0.29957667835204815, "USC_similarity": 0.5348150259856984}, "sydney": {"Bleu_1": 0.44429736674300774, "Bleu_2": 0.20981761787255915, "Bleu_3": 0.10361200079840802, "Bleu_4": 0.05825901985648426, "METEOR": 0.14017621280548817, "ROUGE_L": 0.27955123258922676, "CIDEr": 0.1812447308749461, "SPICE": 0.12269731703994054, "USC_similarity": 0.4592353720102478}}