{"test": {"Bleu_1": 0.6476930512696343, "Bleu_2": 0.5231829864964733, "Bleu_3": 0.4404955902262122, "Bleu_4": 0.38087148045821484, "METEOR": 0.30011708153642863, "ROUGE_L": 0.5526081116162016, "CIDEr": 2.125320201509738, "SPICE": 0.3995357754273313, "USC_similarity": 0.611530009988631}, "sydney": {"Bleu_1": 0.4526575944638088, "Bleu_2": 0.21959057943509988, "Bleu_3": 0.11705216703768609, "Bleu_4": 0.07174433505019233, "METEOR": 0.14502371321555516, "ROUGE_L": 0.28994892087109475, "CIDEr": 0.2103049305235536, "SPICE": 0.11863333344610753, "USC_similarity": 0.45795351105998916}}