{"test": {"Bleu_1": 0.5538712741145161, "Bleu_2": 0.42173460326453743, "Bleu_3": 0.3416558580663617, "Bleu_4": 0.2865267396276514, "METEOR": 0.23832175091557395, "ROUGE_L": 0.4549175027669966, "CIDEr": 1.473486101268338, "SPICE": 0.30504413300448985, "USC_similarity": 0.5394361963470586}, "sydney": {"Bleu_1": 0.4517540764300501, "Bleu_2": 0.2102240808326458, "Bleu_3": 0.09396191653770415, "Bleu_4": 0.04989462899696264, "METEOR": 0.14419683973558053, "ROUGE_L": 0.2930205214837781, "CIDEr": 0.17066392915502995, "SPICE": 0.1177670364812359, "USC_similarity": 0.45941405672136376}}