{"test": {"Bleu_1": 0.5724526928675192, "Bleu_2": 0.43527859826282767, "Bleu_3": 0.3514862652564826, "Bleu_4": 0.29386004908842794, "METEOR": 0.2558520329787734, "ROUGE_L": 0.4731575196133225, "CIDEr": 1.539882822998254, "SPICE": 0.3244072030003791, "USC_similarity": 0.5503223516703396}, "sydney": {"Bleu_1": 0.4310591481176832, "Bleu_2": 0.20899637394661386, "Bleu_3": 0.10807325239896087, "Bleu_4": 0.06868261108533608, "METEOR": 0.14042390889277565, "ROUGE_L": 0.28026384309582436, "CIDEr": 0.14596285529969927, "SPICE": 0.11360729331691484, "USC_similarity": 0.4487653927655729}}