{"test": {"Bleu_1": 0.5673984672910826, "Bleu_2": 0.43405572811526827, "Bleu_3": 0.3516330022630842, "Bleu_4": 0.2950425880009131, "METEOR": 0.2514444271977388, "ROUGE_L": 0.46901678734007024, "CIDEr": 1.5834284302415527, "SPICE": 0.3218296849887055, "USC_similarity": 0.5544951332390538}, "sydney": {"Bleu_1": 0.4249243734814903, "Bleu_2": 0.21119565816444016, "Bleu_3": 0.10956407961575174, "Bleu_4": 0.0635878528164255, "METEOR": 0.1355319200764659, "ROUGE_L": 0.27975376042942585, "CIDEr": 0.1549959455663934, "SPICE": 0.10391503047266373, "USC_similarity": 0.44544748023857295}}