{"test": {"Bleu_1": 0.5699351500761696, "Bleu_2": 0.4360947622577588, "Bleu_3": 0.3531366052321552, "Bleu_4": 0.29596348044732085, "METEOR": 0.2582235083124929, "ROUGE_L": 0.4774790794067372, "CIDEr": 1.5831119258416706, "SPICE": 0.33208785339507374, "USC_similarity": 0.559002346442351}, "sydney": {"Bleu_1": 0.4636139942541719, "Bleu_2": 0.22640906404408656, "Bleu_3": 0.11403962941980865, "Bleu_4": 0.06935513243457564, "METEOR": 0.14958503233612616, "ROUGE_L": 0.29683147300005247, "CIDEr": 0.1694212809754293, "SPICE": 0.11322756227632065, "USC_similarity": 0.46786322871900693}}