{"Bleu_1": [0.6110674494937538, 0.5626021856982806, 0.6514375374959319, 0.533242815116518, 0.5504536956818863, 0.5287283576691593, 0.5392077242374779, 0.5602125147579439, 0.5711884426676098], "Bleu_2": [0.4820763176872656, 0.42768700614510813, 0.5327212556030639, 0.3947587746592447, 0.4178075949610002, 0.40313922342325387, 0.39981965446298123, 0.4235942580561293, 0.43943143590927786], "Bleu_3": [0.4002178569433616, 0.3461242328879017, 0.4522169667119408, 0.31336686729189445, 0.3388213055937444, 0.32454009192255884, 0.31678990302236887, 0.34199195527280735, 0.3576074085245994], "Bleu_4": [0.3416860596552806, 0.28942438705547735, 0.39298119168184026, 0.258192995702251, 0.28453234751292145, 0.26918557150014494, 0.2606173286531076, 0.28627050551271793, 0.3007655598082149], "METEOR": [0.27864000555624535, 0.25920963908793393, 0.30806333379122947, 0.23346380699788322, 0.2450587751383247, 0.23866816626914114, 0.2353568623320501, 0.24971066714607143, 0.2605898160859549], "ROUGE_L": [0.5196592681562633, 0.48053065045839694, 0.5605093685402358, 0.44416191230136876, 0.4639608978678289, 0.45600833368576377, 0.45170979657678645, 0.46825496109861614, 0.480220840026458], "CIDEr": [1.915158332324297, 1.571131620078376, 2.2265122309401297, 1.2655907950944074, 1.5285952503587013, 1.5074585812534995, 1.3936334957364755, 1.527264142168408, 1.6018482087109347], "SPICE": [0.3632608880843789, 0.3253525570476496, 0.4018469472301013, 0.2868775246614608, 0.3080555989746948, 0.30226224219254405, 0.29438407304733355, 0.31467448019113475, 0.33098262425644975], "USC_similarity": [0.582688158282102, 0.551556496795324, 0.618031917436624, 0.5245506151121703, 0.5364298491369603, 0.5395304526516098, 0.5153571891577847, 0.5470166386292814, 0.5638806688720843]}